wind_power,solar_proxy,heating_degree,cooling_degree,precipitation,hour,month,is_weekend,price_lag_24,price_lag_168,gas_price,timestamp
5000,800,5,0,0.5,14,6,0,150,145,45,2026-09-20T20:07:37.603662
4800,750,4,0,0.2,9,3,0,142,138,42,2026-09-20T20:19:44.619184
5200,900,2,1,0.0,13,6,0,155,150,44,2026-09-20T20:19:44.930612
3900,600,6,0,1.1,18,11,1,160,148,47,2026-09-20T20:19:45.243925
6100,1000,0,3,0.0,15,7,0,138,142,41,2026-09-20T20:19:45.554026
4500,700,3,0,0.4,8,4,1,145,140,43,2026-09-20T20:19:45.869148
5500,850,1,2,0.0,12,5,0,150,146,45,2026-09-20T20:19:46.182321
4200,650,7,0,2.0,20,12,0,165,155,49,2026-09-20T20:19:46.497459
5800,950,0,4,0.0,16,8,1,135,139,40,2026-09-20T20:19:46.809668
4700,780,4,0,0.3,10,3,0,143,141,42,2026-09-20T20:19:47.126186
5000,800,5,0,0.5,14,6,0,150,145,45,2026-09-20T20:19:47.442509
